{
  "experiment": "cqt_MF_n32",
  "philharmonia": {
    "class_f1": [
      0.13368630046326935,
      0.1180994232353749,
      0.0,
      0.062252608852105075,
      0.0,
      0.21986744453704804,
      0.09064449064449065,
      0.0783151326053042,
      0.0,
      0.0,
      0.07357778048483371,
      0.0
    ],
    "prediction_file": "results/cqt_MF_n32/philharmonia/model_37300_predictions.pkl",
    "mean_recall": 0.09942402043867048,
    "mean_precision": 0.07219461102529945,
    "mean_accuracy": 0.1143540423781115,
    "class_precision": [
      0.12849872773536897,
      0.16356028908330164,
      0.0,
      0.2386206896551724,
      0.0,
      0.14453430733107225,
      0.09595070422535211,
      0.05023013808284971,
      0.0,
      0.0,
      0.04494047619047619,
      0.0
    ],
    "class_recall": [
      0.1393103448275862,
      0.09241349666881582,
      0.0,
      0.03579557210842127,
      0.0,
      0.45921750663129973,
      0.08589440504334121,
      0.17763623496107572,
      0.0,
      0.0,
      0.2028206850235057,
      0.0
    ],
    "mean_f1": 0.06470359840186883,
    "sample_weight": [
      6032,
      5008,
      4833,
      4653,
      3573,
      2610,
      2538,
      2461,
      2175,
      2103,
      1489,
      1413
    ]
  },
  "rwc": {
    "class_f1": [
      0.02682763246143528,
      0.0,
      0.0059925093632958795,
      0.06095581605049595,
      0.0,
      0.024996366807150124,
      0.1000477717873473,
      0.06088741204065676,
      0.008613728129205923,
      0.08732565191024863,
      0.026793431287813307,
      0.056650605927872674
    ],
    "prediction_file": "results/cqt_MF_n32/rwc/model_21150_predictions.pkl",
    "mean_recall": 0.07894805925154588,
    "mean_precision": 0.07231330970223042,
    "mean_accuracy": 0.05441267228965233,
    "class_precision": [
      0.04956629491945477,
      0.0,
      0.03827751196172249,
      0.23735955056179775,
      0.0,
      0.10129564193168433,
      0.060503508047874535,
      0.032701695449057794,
      0.11267605633802817,
      0.09242618741976893,
      0.037575757575757575,
      0.10537751222161869
    ],
    "class_recall": [
      0.01839080459770115,
      0.0,
      0.003250711093051605,
      0.03496792882267743,
      0.0,
      0.014257294429708222,
      0.2888100866824271,
      0.44090587402689313,
      0.004478029666946544,
      0.08275862068965517,
      0.020819341840161182,
      0.03873801916932907
    ],
    "mean_f1": 0.03825757714712682,
    "sample_weight": [
      6032,
      5008,
      4833,
      4653,
      3573,
      2610,
      2538,
      2461,
      2175,
      2103,
      1489,
      1413
    ]
  },
  "uiowa": {
    "class_f1": [
      0.1354748603351955,
      0.12370815980256054,
      0.0,
      0.221178859209441,
      0.07735459108355476,
      0.025664811379097093,
      0.16238102003125446,
      0.0,
      0.0928462709284627,
      0.09394145677331518,
      0.04593353147797893,
      0.09733296673082212
    ],
    "prediction_file": "results/cqt_MF_n32/uiowa/model_32400_predictions.pkl",
    "mean_recall": 0.11882565871134705,
    "mean_precision": 0.10734891669505142,
    "mean_accuracy": 0.1237399711993417,
    "class_precision": [
      0.1371994342291372,
      0.2191256830601093,
      0.0,
      0.15949853587115667,
      0.10202492211838006,
      0.19036697247706422,
      0.09904679376083189,
      0.0,
      0.10176843510176843,
      0.08450704225352113,
      0.03842676311030741,
      0.1562224183583407
    ],
    "class_recall": [
      0.13379310344827586,
      0.08618095852138405,
      0.0,
      0.3606455617628802,
      0.06229196386115074,
      0.013759946949602121,
      0.450354609929078,
      0.0,
      0.08536244052616848,
      0.10574712643678161,
      0.05708529214237743,
      0.07068690095846646
    ],
    "mean_f1": 0.08965137731264021,
    "sample_weight": [
      6032,
      5008,
      4833,
      4653,
      3573,
      2610,
      2538,
      2461,
      2175,
      2103,
      1489,
      1413
    ]
  }
}