{
  "experiment": "cqt_M2_n8",
  "uiowa": {
    "mean_accuracy": 0.11355633802816902,
    "sample_weight": [
      681,
      601,
      587,
      343,
      258,
      227,
      212,
      122,
      111,
      104,
      96,
      66
    ],
    "class_precision": [
      0.0,
      0.23448275862068965,
      0.2094017094017094,
      0.32857142857142857,
      0.21935483870967742,
      0.11690821256038647,
      0.046753246753246755,
      0.028985507246376812,
      0.039755351681957186,
      0.05714285714285714,
      0.07013574660633484,
      0.20279720279720279
    ],
    "class_f1": [
      0.0,
      0.08232445520581114,
      0.19918699186991867,
      0.1265474552957359,
      0.17801047120418848,
      0.17561683599419448,
      0.07484407484407483,
      0.044543429844097995,
      0.06615776081424936,
      0.016194331983805665,
      0.11211573236889691,
      0.07795698924731183
    ],
    "prediction_file": "./results/cqt_M2_n8/uiowa/model_8100_predictions.pkl",
    "mean_recall": 0.13652939468604644,
    "mean_precision": 0.12952407167432226,
    "class_recall": [
      0.0,
      0.049926578560939794,
      0.18992248062015504,
      0.07836456558773425,
      0.14977973568281938,
      0.35276967930029157,
      0.1875,
      0.09615384615384616,
      0.19696969696969696,
      0.009433962264150943,
      0.27927927927927926,
      0.048252911813643926
    ],
    "mean_f1": 0.0961248773893571
  },
  "philharmonia": {
    "mean_accuracy": 0.06374652865438021,
    "sample_weight": [
      971,
      838,
      781,
      781,
      775,
      770,
      769,
      648,
      546,
      539,
      433,
      71
    ],
    "class_precision": [
      0.12643678160919541,
      0.19463087248322147,
      0.034574468085106384,
      0.3605769230769231,
      0.0,
      0.012744451768842013,
      0.08620689655172414,
      0.0,
      0.07317073170731707,
      0.16176470588235295,
      0.3253012048192771,
      0.17543859649122806
    ],
    "class_f1": [
      0.07260726072607261,
      0.06277056277056278,
      0.034165571616294355,
      0.2506265664160401,
      0.0,
      0.025097360450021637,
      0.1238390092879257,
      0.0,
      0.007407407407407408,
      0.0773286467486819,
      0.10756972111553786,
      0.019455252918287938
    ],
    "prediction_file": "./results/cqt_M2_n8/philharmonia/model_8100_predictions.pkl",
    "mean_recall": 0.12335849073777128,
    "mean_precision": 0.12923713603959897,
    "class_recall": [
      0.05092592592592592,
      0.03741935483870968,
      0.033766233766233764,
      0.19206145966709348,
      0.0,
      0.8169014084507042,
      0.21978021978021978,
      0.0,
      0.0039011703511053317,
      0.050808314087759814,
      0.06443914081145585,
      0.010298661174047374
    ],
    "mean_f1": 0.06507227995473602
  },
  "rwc": {
    "mean_accuracy": 0.13836774685197953,
    "sample_weight": [
      5618,
      3465,
      3436,
      3196,
      2738,
      1965,
      1896,
      1433,
      1405,
      1095,
      770,
      540
    ],
    "class_precision": [
      0.10926829268292683,
      0.23115577889447236,
      0.1326530612244898,
      0.25040518638573744,
      0.0,
      0.2908717346639272,
      0.09593777009507347,
      0.0,
      0.0,
      0.08402612826603326,
      0.03796761585706309,
      0.0
    ],
    "class_f1": [
      0.12966714905933432,
      0.10975900739680267,
      0.1077496891835889,
      0.2586856425282545,
      0.0,
      0.21961218836565097,
      0.07271536193907632,
      0.0,
      0.0,
      0.1466606205869016,
      0.058344058344058335,
      0.0
    ],
    "prediction_file": "./results/cqt_M2_n8/rwc/model_5400_predictions.pkl",
    "mean_recall": 0.12721631246565987,
    "mean_precision": 0.10269046400581028,
    "class_recall": [
      0.1594306049822064,
      0.07196495619524405,
      0.09071877180739707,
      0.2675324675324675,
      0.0,
      0.17639729441082236,
      0.058544303797468354,
      0.0,
      0.0,
      0.5760814249363868,
      0.1259259259259259,
      0.0
    ],
    "mean_f1": 0.09193280978363898
  }
}