{
  "experiment": "cqt_M2_n8",
  "rwc": {
    "mean_recall": 0.13658310986026725,
    "prediction_file": "./results/cqt_M2_n8/rwc/model_5400_predictions.pkl",
    "class_f1": [
      0.15502055196711687,
      0.10896898575020957,
      0.08985811875985286,
      0.2829068975581282,
      0.0,
      0.19516058073031234,
      0.06518590053114438,
      0.0,
      0.0,
      0.1508803740993463,
      0.1279644268774704,
      0.0
    ],
    "mean_f1": 0.09799548635613174,
    "mean_accuracy": 0.13963535371718055,
    "class_precision": [
      0.13496932515337423,
      0.24752475247524752,
      0.12713754646840147,
      0.26698494307748805,
      0.0,
      0.20795049690605663,
      0.08416458852867831,
      0.0,
      0.0,
      0.08617212623317164,
      0.10121141070730755,
      0.0
    ],
    "class_recall": [
      0.1820689655172414,
      0.06986242476354257,
      0.06948394961397805,
      0.30084833436788744,
      0.0,
      0.1838527851458886,
      0.05319148936170213,
      0.0,
      0.0,
      0.6057471264367816,
      0.17394224311618536,
      0.0
    ],
    "mean_precision": 0.10467626579581045,
    "sample_weight": [
      6032,
      5008,
      4833,
      4652,
      3573,
      2610,
      2538,
      2461,
      2175,
      2103,
      1489,
      1413
    ]
  },
  "philharmonia": {
    "mean_recall": 0.12750894211200844,
    "prediction_file": "./results/cqt_M2_n8/philharmonia/model_8100_predictions.pkl",
    "class_f1": [
      0.06115702479338844,
      0.1057422969187675,
      0.11195114858970633,
      0.1897027275513331,
      0.0,
      0.30650527358958024,
      0.1550632911392405,
      0.0,
      0.006299212598425197,
      0.0795960795960796,
      0.1088850174216028,
      0.03998559077809799
    ],
    "mean_f1": 0.09707397191468514,
    "mean_accuracy": 0.17399130814925295,
    "class_precision": [
      0.07628865979381444,
      0.2849056603773585,
      0.08716323296354993,
      0.36562315416420554,
      0.0,
      0.1948519485194852,
      0.11218738992603029,
      0.0,
      0.05063291139240506,
      0.17701453104359313,
      0.15489467162329615,
      0.20404411764705882
    ],
    "class_recall": [
      0.05103448275862069,
      0.0649183147033534,
      0.15644047135310848,
      0.12807779846885992,
      0.0,
      0.7178381962864722,
      0.25098502758077224,
      0.0,
      0.0033585222502099076,
      0.05134099616858238,
      0.08394895903290799,
      0.022164536741214057
    ],
    "mean_precision": 0.14230052312089975,
    "sample_weight": [
      6032,
      5008,
      4833,
      4652,
      3573,
      2610,
      2538,
      2461,
      2175,
      2103,
      1489,
      1413
    ]
  },
  "uiowa": {
    "mean_recall": 0.17467099618767645,
    "prediction_file": "./results/cqt_M2_n8/uiowa/model_8100_predictions.pkl",
    "class_f1": [
      0.003473729917498914,
      0.184453602387381,
      0.18266074531762888,
      0.20085080522637497,
      0.13395715341049003,
      0.3490455303638722,
      0.16333484779645616,
      0.13213433657551843,
      0.09461235216819973,
      0.01531801531801532,
      0.1330521472392638,
      0.21335028607755882
    ],
    "mean_f1": 0.1505202959831882,
    "mean_accuracy": 0.19183788926890735,
    "class_precision": [
      0.03125,
      0.2721174004192872,
      0.17402501839587933,
      0.37793024585477414,
      0.13891726251276812,
      0.2781880846873461,
      0.11474624960102138,
      0.08919722497522299,
      0.11451292246520875,
      0.058524173027989825,
      0.09310437349074323,
      0.2936646832341617
    ],
    "class_recall": [
      0.0018390804597701149,
      0.13950988822012036,
      0.19219829337667615,
      0.1367680529691703,
      0.12933903946742747,
      0.46833554376657827,
      0.28329393223010246,
      0.25477707006369427,
      0.08060453400503778,
      0.008812260536398468,
      0.23304231027535258,
      0.16753194888178913
    ],
    "mean_precision": 0.16968146988870025,
    "sample_weight": [
      6032,
      5008,
      4833,
      4652,
      3573,
      2610,
      2538,
      2461,
      2175,
      2103,
      1489,
      1413
    ]
  }
}