{
  "experiment": "cqt_MF_n64",
  "philharmonia": {
    "class_f1": [
      0.13570541994207694,
      0.0,
      0.0023547880690737836,
      0.038397017707362535,
      0.0,
      0.051854179761156506,
      0.11494920174165457,
      0.0,
      0.0063324538258575196,
      0.11483253588516747,
      0.029574861367837338,
      0.025175328178385182
    ],
    "prediction_file": "results/cqt_MF_n64/philharmonia/model_20675_predictions.pkl",
    "mean_recall": 0.0940104244705624,
    "mean_precision": 0.09888261168432444,
    "mean_accuracy": 0.07655317835836248,
    "class_precision": [
      0.09692671394799054,
      0.0,
      0.034482758620689655,
      0.19360902255639098,
      0.0,
      0.49698795180722893,
      0.07045009784735812,
      0.0,
      0.055299539170506916,
      0.06484557037330821,
      0.047407407407407405,
      0.12658227848101267
    ],
    "class_recall": [
      0.22620689655172413,
      0.0,
      0.001219016659894352,
      0.021311814607903993,
      0.0,
      0.027354111405835543,
      0.3120567375886525,
      0.0,
      0.0033585222502099076,
      0.5011494252873563,
      0.021490933512424447,
      0.013977635782747603
    ],
    "mean_f1": 0.043264648873214316,
    "sample_weight": [
      6032,
      5008,
      4833,
      4653,
      3573,
      2610,
      2538,
      2461,
      2175,
      2103,
      1489,
      1413
    ]
  },
  "rwc": {
    "class_f1": [
      0.0,
      0.0,
      0.024743512371756184,
      0.05423728813559322,
      0.000946969696969697,
      0.20619746762382307,
      0.05794674258918104,
      0.055579491598448945,
      0.11401008550756414,
      0.059142434696895015,
      0.0,
      0.10514634484671938
    ],
    "prediction_file": "results/cqt_MF_n64/rwc/model_9650_predictions.pkl",
    "mean_recall": 0.07894898705260206,
    "mean_precision": 0.08599642291447411,
    "mean_accuracy": 0.11224542275252006,
    "class_precision": [
      0.0,
      0.0,
      0.04806565064478312,
      0.3018867924528302,
      0.1111111111111111,
      0.131771865922818,
      0.05039324206233615,
      0.03995044905543512,
      0.09371057848260948,
      0.08287292817679558,
      0.0,
      0.17219445706497047
    ],
    "class_recall": [
      0.0,
      0.0,
      0.016659894351889477,
      0.0297951582867784,
      0.00047551117451260106,
      0.47380636604774534,
      0.0681639085894405,
      0.09129511677282377,
      0.14553596417576267,
      0.04597701149425287,
      0.0,
      0.07567891373801917
    ],
    "mean_f1": 0.05649586142224589,
    "sample_weight": [
      6032,
      5008,
      4833,
      4653,
      3573,
      2610,
      2538,
      2461,
      2175,
      2103,
      1489,
      1413
    ]
  },
  "uiowa": {
    "class_f1": [
      0.09899928520371694,
      0.08358714043993233,
      0.17819336626676077,
      0.02366626554352186,
      0.04900133155792277,
      0.19418440891392594,
      0.07981476436938165,
      0.005420054200542005,
      0.0022234574763757642,
      0.06559877955758962,
      0.08474940847494085,
      0.10147299509001637
    ],
    "prediction_file": "results/cqt_MF_n64/uiowa/model_24750_predictions.pkl",
    "mean_recall": 0.09995049330784034,
    "mean_precision": 0.13742305584751566,
    "mean_accuracy": 0.11551121168483851,
    "class_precision": [
      0.08097047646886875,
      0.19649960222752585,
      0.1574680386654194,
      0.38562091503267976,
      0.05569007263922518,
      0.12943125345113196,
      0.060990840965861784,
      0.06349206349206349,
      0.16,
      0.09750566893424037,
      0.06234177215189873,
      0.19906596614127262
    ],
    "class_recall": [
      0.12735632183908047,
      0.053084031807436066,
      0.20520113774888257,
      0.012207738464721705,
      0.043747028055159294,
      0.3885941644562334,
      0.11544523246650906,
      0.0028308563340410475,
      0.001119507416736636,
      0.04942528735632184,
      0.132303559435863,
      0.06809105431309904
    ],
    "mean_f1": 0.08057593809121891,
    "sample_weight": [
      6032,
      5008,
      4833,
      4653,
      3573,
      2610,
      2538,
      2461,
      2175,
      2103,
      1489,
      1413
    ]
  }
}