{
  "experiment": "cqt_M2_n32",
  "philharmonia": {
    "class_f1": [
      0.16871832005792903,
      0.2862544639731111,
      0.1411650954798163,
      0.18173138128580524,
      0.001858736059479554,
      0.19496855345911948,
      0.08080313418217433,
      0.0,
      0.2787891617273497,
      0.1722933643771828,
      0.0,
      0.325684575389948
    ],
    "prediction_file": "results/cqt_M2_n32/philharmonia/model_6500_predictions.pkl",
    "mean_recall": 0.1786757223487062,
    "mean_precision": 0.17868729422539328,
    "mean_accuracy": 0.21965644929026948,
    "class_precision": [
      0.1391460137354434,
      0.21229746572496885,
      0.17422434367541767,
      0.39352170916609236,
      0.04081632653061224,
      0.465,
      0.10672703751617077,
      0.0,
      0.22417021276595744,
      0.13890192397935242,
      0.0,
      0.24944249761070406
    ],
    "class_recall": [
      0.2142528735632184,
      0.43928648183967334,
      0.11865095489638358,
      0.1181460790399338,
      0.0009510223490252021,
      0.123342175066313,
      0.06501182033096926,
      0.0,
      0.36859781696053734,
      0.2268199233716475,
      0.0,
      0.46904952076677314
    ],
    "mean_f1": 0.1526888988326596,
    "sample_weight": [
      6032,
      5008,
      4833,
      4653,
      3573,
      2610,
      2538,
      2461,
      2175,
      2103,
      1489,
      1413
    ]
  },
  "rwc": {
    "class_f1": [
      0.10077691453940067,
      0.08786610878661089,
      0.050872522922212365,
      0.24365617111731103,
      0.036265432098765434,
      0.2791827860728331,
      0.14015606242497,
      0.0,
      0.041115311909262764,
      0.0,
      0.03577661431064572,
      0.024891774891774892
    ],
    "prediction_file": "results/cqt_M2_n32/rwc/model_11175_predictions.pkl",
    "mean_recall": 0.11491915286963411,
    "mean_precision": 0.12150238333529095,
    "mean_accuracy": 0.16866385517383253,
    "class_precision": [
      0.09742489270386266,
      0.23268698060941828,
      0.09347826086956522,
      0.34038604305864884,
      0.09611451942740286,
      0.17294513765102001,
      0.11318468250121183,
      0.0,
      0.13201820940819423,
      0.0,
      0.05105853051058531,
      0.1287313432835821
    ],
    "class_recall": [
      0.10436781609195403,
      0.05415860735009671,
      0.034945144250304754,
      0.18973722325677633,
      0.02234902520209225,
      0.7238063660477454,
      0.18400315208825846,
      0.0,
      0.02434928631402183,
      0.0,
      0.027535258562793822,
      0.013777955271565496
    ],
    "mean_f1": 0.08671330825614892,
    "sample_weight": [
      6032,
      5008,
      4833,
      4653,
      3573,
      2610,
      2538,
      2461,
      2175,
      2103,
      1489,
      1413
    ]
  },
  "uiowa": {
    "class_f1": [
      0.1783502600941293,
      0.09689988141622904,
      0.19651347068145802,
      0.008321775312066574,
      0.04994491369812707,
      0.37917628477706233,
      0.17984428117118106,
      0.14885844748858446,
      0.01494460190672507,
      0.19714738510301108,
      0.08064860251760188,
      0.10831261485244839
    ],
    "prediction_file": "results/cqt_M2_n32/uiowa/model_8800_predictions.pkl",
    "mean_recall": 0.1728992231394574,
    "mean_precision": 0.1557333642405621,
    "mean_accuracy": 0.1768668998148529,
    "class_precision": [
      0.1933404940923738,
      0.2288,
      0.2807547169811321,
      0.09813084112149532,
      0.10967741935483871,
      0.29923298178331736,
      0.12460112444917186,
      0.09482257126236183,
      0.09415584415584416,
      0.1681081081081081,
      0.05909943714821764,
      0.11807683242988451
    ],
    "class_recall": [
      0.16551724137931034,
      0.061465721040189124,
      0.15115806582689964,
      0.004345127250155183,
      0.03233475986685687,
      0.5174071618037135,
      0.32308904649330183,
      0.346072186836518,
      0.00811642877134061,
      0.23831417624521073,
      0.12693082605775688,
      0.10003993610223642
    ],
    "mean_f1": 0.13658020991821868,
    "sample_weight": [
      6032,
      5008,
      4833,
      4653,
      3573,
      2610,
      2538,
      2461,
      2175,
      2103,
      1489,
      1413
    ]
  }
}