{
  "experiment": "cqt_M2_n16",
  "philharmonia": {
    "class_f1": [
      0.06739069896964635,
      0.17440109514031482,
      0.10605652759084791,
      0.12997022245577158,
      0.1265881804406108,
      0.31792102598717514,
      0.0,
      0.0,
      0.060774762236140104,
      0.0,
      0.14502404735479096,
      0.049021336624933874
    ],
    "prediction_file": "results/cqt_M2_n16/philharmonia/model_11650_predictions.pkl",
    "mean_recall": 0.13203627680875904,
    "mean_precision": 0.14485934886820515,
    "mean_accuracy": 0.18116128368648426,
    "class_precision": [
      0.08545197740112995,
      0.24019607843137256,
      0.15709728867623604,
      0.4235159817351598,
      0.08384805435453983,
      0.19959318586320873,
      0.0,
      0.0,
      0.17750677506775067,
      0.0,
      0.1614497528830313,
      0.2096530920060332
    ],
    "class_recall": [
      0.05563218390804598,
      0.13690092413496668,
      0.08004876066639577,
      0.07676391475274157,
      0.2582025677603424,
      0.7808355437665783,
      0.0,
      0.0,
      0.03666386789812483,
      0.0,
      0.13163196776359973,
      0.0277555910543131
    ],
    "mean_f1": 0.09809565806668596,
    "sample_weight": [
      6032,
      5008,
      4833,
      4653,
      3573,
      2610,
      2538,
      2461,
      2175,
      2103,
      1489,
      1413
    ]
  },
  "rwc": {
    "class_f1": [
      0.04004368401892974,
      0.07763091852099716,
      0.14887365328109697,
      0.16223360317198082,
      0.050239234449760764,
      0.2883119205890244,
      0.0007870916961826053,
      0.07055214723926381,
      0.0,
      0.0,
      0.0039656311962987445,
      0.11560236998025016
    ],
    "prediction_file": "results/cqt_M2_n16/rwc/model_15225_predictions.pkl",
    "mean_recall": 0.11362460888832189,
    "mean_precision": 0.1561485939695866,
    "mean_accuracy": 0.17282966467804978,
    "class_precision": [
      0.09615384615384616,
      0.17522658610271905,
      0.11352966282543747,
      0.4024590163934426,
      0.15555555555555556,
      0.17575867708522624,
      0.3333333333333333,
      0.1270718232044199,
      0.0,
      0.0,
      0.125,
      0.16969462698105914
    ],
    "class_recall": [
      0.02528735632183908,
      0.04986030517945412,
      0.21617228768793173,
      0.1015932133250569,
      0.029957203994293864,
      0.8017241379310345,
      0.0003940110323089047,
      0.04883227176220807,
      0.0,
      0.0,
      0.0020147750167897917,
      0.08765974440894568
    ],
    "mean_f1": 0.0798533545119821,
    "sample_weight": [
      6032,
      5008,
      4833,
      4653,
      3573,
      2610,
      2538,
      2461,
      2175,
      2103,
      1489,
      1413
    ]
  },
  "uiowa": {
    "class_f1": [
      0.19300552195635026,
      0.1374303562383927,
      0.15629522431259044,
      0.11094890510948904,
      0.10933432502789142,
      0.3477531154281878,
      0.1185098269287181,
      0.22785377887418706,
      0.10913461538461539,
      0.17506404782237403,
      0.04448210124973523,
      0.21758865248226952
    ],
    "prediction_file": "results/cqt_M2_n16/uiowa/model_20450_predictions.pkl",
    "mean_recall": 0.17635818017027116,
    "mean_precision": 0.23368395582517412,
    "mean_accuracy": 0.20793046698210244,
    "class_precision": [
      0.22542997542997542,
      0.32047244094488186,
      0.2716297786720322,
      0.11183519024595333,
      0.2508532423208191,
      0.2327959103421156,
      0.23191733639494833,
      0.16677609980302036,
      0.38671209540034074,
      0.19768563162970107,
      0.03248762376237624,
      0.37561214495592554
    ],
    "class_recall": [
      0.16873563218390805,
      0.08747044917257683,
      0.10971149939049167,
      0.1100765570039313,
      0.06990014265335236,
      0.6870026525198939,
      0.07959022852639874,
      0.359518754423213,
      0.06353204589980409,
      0.15708812260536398,
      0.07051712558764271,
      0.15315495207667731
    ],
    "mean_f1": 0.16228337256790007,
    "sample_weight": [
      6032,
      5008,
      4833,
      4653,
      3573,
      2610,
      2538,
      2461,
      2175,
      2103,
      1489,
      1413
    ]
  }
}