{
  "experiment": "hcqt_MH_n8",
  "rwc": {
    "mean_recall": 0.11702301628915934,
    "prediction_file": "./results/hcqt_MH_n8/rwc/model_3925_predictions.pkl",
    "class_f1": [
      0.07846410684474123,
      0.0017174753112924003,
      0.1021031817364731,
      0.0,
      0.007863695937090432,
      0.29659100427171453,
      0.07055691147104505,
      0.09310699588477366,
      0.03340080971659919,
      0.16421751764217518,
      0.0,
      0.06188188753885278
    ],
    "mean_f1": 0.07582529886289646,
    "mean_accuracy": 0.1438269858821714,
    "class_precision": [
      0.09936575052854123,
      0.6666666666666666,
      0.0915538362346873,
      0.0,
      0.04838709677419355,
      0.19841981396391348,
      0.08075165058405281,
      0.07313131313131313,
      0.1741424802110818,
      0.10482246952835188,
      0.0,
      0.10579710144927536
    ],
    "class_recall": [
      0.06482758620689655,
      0.0008598452278589854,
      0.11540024380333198,
      0.0,
      0.0042796005706134095,
      0.5870358090185677,
      0.06264775413711583,
      0.12809624911535739,
      0.018471872376154493,
      0.3789272030651341,
      0.0,
      0.04373003194888179
    ],
    "mean_precision": 0.13691984825600642,
    "sample_weight": [
      6032,
      5008,
      4833,
      4652,
      3573,
      2610,
      2538,
      2461,
      2175,
      2103,
      1489,
      1413
    ]
  },
  "philharmonia": {
    "mean_recall": 0.1559966187301078,
    "prediction_file": "./results/hcqt_MH_n8/philharmonia/model_3850_predictions.pkl",
    "class_f1": [
      0.2042635192099241,
      0.25228405315614616,
      0.06427840327533266,
      0.00687416459805232,
      0.005284015852047556,
      0.1716424561090812,
      0.09800541738488058,
      0.1264423076923077,
      0.2031334413830362,
      0.11994469408918078,
      0.026881720430107527,
      0.2216723104975254
    ],
    "mean_f1": 0.1250588753064685,
    "mean_accuracy": 0.1522873968164168,
    "class_precision": [
      0.13838120104438642,
      0.24397590361445784,
      0.06476897689768978,
      0.04455445544554455,
      0.03571428571428571,
      0.18558489111582194,
      0.13066316480630336,
      0.07615462574200087,
      0.19629339598016185,
      0.10925692695214106,
      0.026899798251513115,
      0.3187265917602996
    ],
    "class_recall": [
      0.38988505747126434,
      0.2611779879621668,
      0.06379520520113775,
      0.0037243947858473,
      0.0028530670470756064,
      0.15964854111405835,
      0.07840819542947203,
      0.3722576079263977,
      0.21046739434648754,
      0.13295019157088123,
      0.026863666890530557,
      0.16992811501597443
    ],
    "mean_precision": 0.13091451811038385,
    "sample_weight": [
      6032,
      5008,
      4833,
      4652,
      3573,
      2610,
      2538,
      2461,
      2175,
      2103,
      1489,
      1413
    ]
  },
  "uiowa": {
    "mean_recall": 0.17245904420820043,
    "prediction_file": "./results/hcqt_MH_n8/uiowa/model_5450_predictions.pkl",
    "class_f1": [
      0.2254597563888225,
      0.006618407445708376,
      0.16358839050131926,
      0.06790920834102233,
      0.08720112517580872,
      0.34337376359486194,
      0.09215844785772029,
      0.03858061443200762,
      0.20096811884493407,
      0.17972930437519677,
      0.15897329745394329,
      0.2339444381959285
    ],
    "mean_f1": 0.14987540605060615,
    "mean_accuracy": 0.2011469128500527,
    "class_precision": [
      0.2345924453280318,
      0.08743169398907104,
      0.1996487119437939,
      0.31399317406143346,
      0.16734143049932523,
      0.23517871375145608,
      0.14578005115089515,
      0.02907394113424264,
      0.24896608767576509,
      0.15251068376068377,
      0.11490125673249552,
      0.2678341488539789
    ],
    "class_recall": [
      0.21701149425287355,
      0.0034393809114359416,
      0.13856156034132466,
      0.03807159114421684,
      0.05896338563956253,
      0.6359416445623343,
      0.0673758865248227,
      0.05732484076433121,
      0.1684858662188637,
      0.21877394636015327,
      0.25789120214909333,
      0.20766773162939298
    ],
    "mean_precision": 0.18310436157343105,
    "sample_weight": [
      6032,
      5008,
      4833,
      4652,
      3573,
      2610,
      2538,
      2461,
      2175,
      2103,
      1489,
      1413
    ]
  }
}