{
  "experiment": "hcqt_MH_n8",
  "uiowa": {
    "mean_accuracy": 0.13556338028169015,
    "sample_weight": [
      681,
      601,
      587,
      343,
      258,
      227,
      212,
      122,
      111,
      104,
      96,
      66
    ],
    "class_precision": [
      0.05442176870748299,
      0.23214285714285715,
      0.0958904109589041,
      0.4171779141104294,
      0.06491228070175438,
      0.12582345191040845,
      0.09259259259259259,
      0.16853932584269662,
      0.0,
      0.1830601092896175,
      0.0,
      0.28378378378378377
    ],
    "class_f1": [
      0.05947955390334573,
      0.06557377049180327,
      0.06930693069306931,
      0.18133333333333332,
      0.09284818067754078,
      0.2052659860290167,
      0.11627906976744184,
      0.155440414507772,
      0.0,
      0.23183391003460208,
      0.0,
      0.06222222222222222
    ],
    "prediction_file": "./results/hcqt_MH_n8/uiowa/model_14100_predictions.pkl",
    "mean_recall": 0.13709724425311368,
    "mean_precision": 0.14319537458671058,
    "class_recall": [
      0.06557377049180328,
      0.0381791483113069,
      0.05426356589147287,
      0.11584327086882454,
      0.16299559471365638,
      0.5568513119533528,
      0.15625,
      0.14423076923076922,
      0.0,
      0.3160377358490566,
      0.0,
      0.03494176372712146
    ],
    "mean_f1": 0.10329861430501226
  },
  "philharmonia": {
    "mean_accuracy": 0.1527392072708912,
    "sample_weight": [
      971,
      838,
      781,
      781,
      775,
      770,
      769,
      648,
      546,
      539,
      433,
      71
    ],
    "class_precision": [
      0.15027322404371585,
      0.2113676731793961,
      0.06417112299465241,
      0.33760683760683763,
      0.05128205128205128,
      0.05665349143610013,
      0.0,
      0.1523096129837703,
      0.13936249073387694,
      0.08375634517766498,
      0.0,
      0.1898422090729783
    ],
    "class_f1": [
      0.15942028985507245,
      0.17787742899850523,
      0.0632411067193676,
      0.2530024019215372,
      0.009313154831199067,
      0.1036144578313253,
      0.0,
      0.182089552238806,
      0.17752596789423986,
      0.07980652962515114,
      0.0,
      0.2567522507502501
    ],
    "prediction_file": "./results/hcqt_MH_n8/philharmonia/model_5900_predictions.pkl",
    "mean_recall": 0.17851905557787975,
    "mean_precision": 0.11971875487592032,
    "class_recall": [
      0.1697530864197531,
      0.15354838709677418,
      0.06233766233766234,
      0.2023047375160051,
      0.005121638924455826,
      0.6056338028169014,
      0.0,
      0.22634508348794063,
      0.2444733420026008,
      0.07621247113163972,
      0.0,
      0.3964984552008239
    ],
    "mean_f1": 0.12188692838878783
  },
  "rwc": {
    "mean_accuracy": 0.11405450520738833,
    "sample_weight": [
      5618,
      3465,
      3436,
      3196,
      2738,
      1965,
      1896,
      1433,
      1405,
      1095,
      770,
      540
    ],
    "class_precision": [
      0.09845031905195989,
      0.0,
      0.07069913589945012,
      0.2883405902273827,
      0.0703883495145631,
      0.2857142857142857,
      0.0659699542782495,
      0.04975124378109453,
      0.0,
      0.08367107988831847,
      0.0,
      0.18184973104285962
    ],
    "class_f1": [
      0.08633093525179855,
      0.0,
      0.09047499371701434,
      0.21547360809833696,
      0.038487060384870604,
      0.0007111111111111111,
      0.05894368252115553,
      0.07926023778071335,
      0.0,
      0.14217936945209672,
      0.0,
      0.2278508533536254
    ],
    "prediction_file": "./results/hcqt_MH_n8/rwc/model_1100_predictions.pkl",
    "mean_recall": 0.11893160983195157,
    "mean_precision": 0.09956955744984697,
    "class_recall": [
      0.07686832740213523,
      0.0,
      0.1256106071179344,
      0.172005772005772,
      0.026484018264840183,
      0.000355998576005696,
      0.05327004219409283,
      0.19480519480519481,
      0.0,
      0.4727735368956743,
      0.0,
      0.3050058207217695
    ],
    "mean_f1": 0.07830932097256021
  }
}