{
  "experiment": "hcqt_MH_n8",
  "philharmonia": {
    "mean_recall": 0.17851905557787975,
    "mean_f1": 0.12188692838878783,
    "class_precision": [
      0.15027322404371585,
      0.2113676731793961,
      0.06417112299465241,
      0.33760683760683763,
      0.05128205128205128,
      0.05665349143610013,
      0.0,
      0.1523096129837703,
      0.13936249073387694,
      0.08375634517766498,
      0.0,
      0.1898422090729783
    ],
    "mean_precision": 0.11971875487592032,
    "sample_weight": [
      971,
      838,
      781,
      781,
      775,
      770,
      769,
      648,
      546,
      539,
      433,
      71
    ],
    "class_f1": [
      0.15942028985507245,
      0.17787742899850523,
      0.0632411067193676,
      0.2530024019215372,
      0.009313154831199067,
      0.1036144578313253,
      0.0,
      0.182089552238806,
      0.17752596789423986,
      0.07980652962515114,
      0.0,
      0.2567522507502501
    ],
    "mean_accuracy": 0.1527392072708912,
    "class_recall": [
      0.1697530864197531,
      0.15354838709677418,
      0.06233766233766234,
      0.2023047375160051,
      0.005121638924455826,
      0.6056338028169014,
      0.0,
      0.22634508348794063,
      0.2444733420026008,
      0.07621247113163972,
      0.0,
      0.3964984552008239
    ],
    "prediction_file": "./results/hcqt_MH_n8/philharmonia/model_5900_predictions.pkl"
  },
  "uiowa": {
    "mean_recall": 0.13709724425311368,
    "mean_f1": 0.10329861430501226,
    "class_precision": [
      0.05442176870748299,
      0.23214285714285715,
      0.0958904109589041,
      0.4171779141104294,
      0.06491228070175438,
      0.12582345191040845,
      0.09259259259259259,
      0.16853932584269662,
      0.0,
      0.1830601092896175,
      0.0,
      0.28378378378378377
    ],
    "mean_precision": 0.14319537458671058,
    "sample_weight": [
      681,
      601,
      587,
      343,
      258,
      227,
      212,
      122,
      111,
      104,
      96,
      66
    ],
    "class_f1": [
      0.05947955390334573,
      0.06557377049180327,
      0.06930693069306931,
      0.18133333333333332,
      0.09284818067754078,
      0.2052659860290167,
      0.11627906976744184,
      0.155440414507772,
      0.0,
      0.23183391003460208,
      0.0,
      0.06222222222222222
    ],
    "mean_accuracy": 0.13556338028169015,
    "class_recall": [
      0.06557377049180328,
      0.0381791483113069,
      0.05426356589147287,
      0.11584327086882454,
      0.16299559471365638,
      0.5568513119533528,
      0.15625,
      0.14423076923076922,
      0.0,
      0.3160377358490566,
      0.0,
      0.03494176372712146
    ],
    "prediction_file": "./results/hcqt_MH_n8/uiowa/model_14100_predictions.pkl"
  },
  "rwc": {
    "mean_recall": 0.12012051031084041,
    "mean_f1": 0.07899724069150403,
    "class_precision": [
      0.09610154125113328,
      0.3333333333333333,
      0.07359813084112149,
      0.2998102466793169,
      0.06923076923076923,
      0.25,
      0.06212424849699399,
      0.04666666666666667,
      0.0,
      0.08677200902934537,
      0.0,
      0.18148914167528438
    ],
    "mean_precision": 0.12492717393366372,
    "sample_weight": [
      5618,
      3465,
      3436,
      3196,
      2738,
      1965,
      1896,
      1433,
      1405,
      1095,
      770,
      540
    ],
    "class_f1": [
      0.08452950558213716,
      0.0006251953735542357,
      0.09447638090477381,
      0.22680782343441594,
      0.03636363636363636,
      0.0007109847138286527,
      0.054818744473916894,
      0.07427055702917773,
      0.0,
      0.14739263803680983,
      0.0,
      0.2279714223857978
    ],
    "mean_accuracy": 0.11626809884965708,
    "class_recall": [
      0.07544483985765124,
      0.00031289111389236547,
      0.13189113747383113,
      0.1823953823953824,
      0.024657534246575342,
      0.000355998576005696,
      0.0490506329113924,
      0.18181818181818182,
      0.0,
      0.489058524173028,
      0.0,
      0.3064610011641444
    ],
    "prediction_file": "./results/hcqt_MH_n8/rwc/model_1100_predictions.pkl"
  }
}