{
  "experiment": "cqt_MF_n16",
  "philharmonia": {
    "mean_recall": 0.08978090652072417,
    "prediction_file": "./results/cqt_MF_n16/philharmonia/model_10000_predictions.pkl",
    "class_f1": [
      0.02855329949238579,
      0.05200543847722639,
      0.03631729850270787,
      0.04530744336569579,
      0.06713164777680906,
      0.0,
      0.08592321755027424,
      0.029910269192422734,
      0.16354607990524347,
      0.11498721227621485,
      0.022556390977443608,
      0.0
    ],
    "mean_f1": 0.053853191459701986,
    "mean_accuracy": 0.08480983362049013,
    "class_precision": [
      0.04605936540429888,
      0.1241883116883117,
      0.084070796460177,
      0.2833333333333333,
      0.04833647206528562,
      0.0,
      0.07004470938897168,
      0.050590219224283306,
      0.0976711285232343,
      0.07843684577808793,
      0.03755868544600939,
      0.0
    ],
    "class_recall": [
      0.020689655172413793,
      0.032889079965606194,
      0.023161316537992686,
      0.02462238775087937,
      0.10984308131241084,
      0.0,
      0.1111111111111111,
      0.021231422505307854,
      0.5023789532605654,
      0.2153256704980843,
      0.016118200134318333,
      0.0
    ],
    "mean_precision": 0.07669082227599942,
    "sample_weight": [
      6032,
      5008,
      4833,
      4652,
      3573,
      2610,
      2538,
      2461,
      2175,
      2103,
      1489,
      1413
    ]
  },
  "uiowa": {
    "mean_recall": 0.07077622877634503,
    "prediction_file": "./results/cqt_MF_n16/uiowa/model_10275_predictions.pkl",
    "class_f1": [
      0.04053198226725776,
      0.00042900042900042906,
      0.07587096774193548,
      0.009815469179426776,
      0.02060156571899464,
      0.14500948625423163,
      0.05374945817078457,
      0.04926423544465771,
      0.08205290670045937,
      0.08121827411167512,
      0.06865861411315957,
      0.07343358395989975
    ],
    "mean_f1": 0.0583862953409569,
    "mean_accuracy": 0.0855298685936174,
    "class_precision": [
      0.06510681586978637,
      0.1,
      0.10396039603960396,
      0.09578544061302682,
      0.07716049382716049,
      0.09348170176027627,
      0.05973025048169557,
      0.04495037945125511,
      0.09452554744525547,
      0.08639308855291576,
      0.05015479876160991,
      0.09858681022880215
    ],
    "class_recall": [
      0.029425287356321838,
      0.00021496130696474635,
      0.059731816334823246,
      0.0051727705358990276,
      0.011887779362815026,
      0.32311007957559684,
      0.04885736800630418,
      0.05449398443029016,
      0.07248810523369717,
      0.07662835249042145,
      0.10879785090664876,
      0.058506389776357824
    ],
    "mean_precision": 0.080819643585949,
    "sample_weight": [
      6032,
      5008,
      4833,
      4652,
      3573,
      2610,
      2538,
      2461,
      2175,
      2103,
      1489,
      1413
    ]
  }
}