{
  "experiment": "cqt_MF_n16",
  "uiowa": {
    "mean_accuracy": 0.0733568075117371,
    "sample_weight": [
      681,
      601,
      587,
      343,
      258,
      227,
      212,
      122,
      111,
      104,
      96,
      66
    ],
    "class_precision": [
      0.04,
      0.24444444444444444,
      0.0,
      0.29411764705882354,
      0.05714285714285714,
      0.0795593635250918,
      0.029850746268656716,
      0.0,
      0.028761061946902654,
      0.0893854748603352,
      0.005076142131979695,
      0.20155038759689922
    ],
    "class_f1": [
      0.03045685279187817,
      0.030303030303030304,
      0.0,
      0.0322061191626409,
      0.06932409012131716,
      0.13151239251390998,
      0.034782608695652174,
      0.0,
      0.0501930501930502,
      0.11228070175438597,
      0.006493506493506493,
      0.07123287671232878
    ],
    "prediction_file": "./results/cqt_MF_n16/uiowa/model_13100_predictions.pkl",
    "mean_recall": 0.08056192741969645,
    "mean_precision": 0.0891573437479992,
    "class_recall": [
      0.02459016393442623,
      0.016152716593245228,
      0.0,
      0.017035775127768313,
      0.0881057268722467,
      0.37900874635568516,
      0.041666666666666664,
      0.0,
      0.19696969696969696,
      0.1509433962264151,
      0.009009009009009009,
      0.04326123128119801
    ],
    "mean_f1": 0.047398769061808343
  },
  "philharmonia": {
    "mean_accuracy": 0.1059075990911386,
    "sample_weight": [
      971,
      838,
      781,
      781,
      775,
      770,
      769,
      648,
      546,
      539,
      433,
      71
    ],
    "class_precision": [
      0.0,
      0.20253164556962025,
      0.09662921348314607,
      0.0,
      0.0,
      0.0,
      0.09842154131847725,
      0.18137254901960784,
      0.10555867490174059,
      0.07149240393208221,
      0.11326530612244898,
      0.07710280373831775
    ],
    "class_f1": [
      0.0,
      0.16867469879518074,
      0.1349019607843137,
      0.0,
      0.0,
      0.0,
      0.13062230437461492,
      0.09959623149394346,
      0.14745098039215684,
      0.10309278350515462,
      0.12211221122112212,
      0.047176554681915644
    ],
    "prediction_file": "./results/cqt_MF_n16/philharmonia/model_15100_predictions.pkl",
    "mean_recall": 0.10219602084692758,
    "mean_precision": 0.07886451150712008,
    "class_recall": [
      0.0,
      0.14451612903225808,
      0.22337662337662337,
      0.0,
      0.0,
      0.0,
      0.19413919413919414,
      0.0686456400742115,
      0.2444733420026008,
      0.18475750577367206,
      0.1324582338902148,
      0.03398558187435633
    ],
    "mean_f1": 0.0794689771040335
  },
  "rwc": {
    "mean_accuracy": 0.07228653336720253,
    "sample_weight": [
      5618,
      3465,
      3436,
      3196,
      2738,
      1965,
      1896,
      1433,
      1405,
      1095,
      770,
      540
    ],
    "class_precision": [
      0.0,
      0.10050251256281408,
      0.1111111111111111,
      0.10155902004454342,
      0.03296703296703297,
      0.33249370277078083,
      0.07190962415815773,
      0.03210272873194221,
      0.09269323671497584,
      0.05961376994122586,
      0.022427440633245383,
      0.0
    ],
    "class_f1": [
      0.0,
      0.011782032400589101,
      0.03119376124775045,
      0.07985989492119089,
      0.029925187032418952,
      0.04389027431421447,
      0.10186182489613788,
      0.04904966278356836,
      0.13116855372783592,
      0.0964861192001553,
      0.033073929961089495,
      0.0
    ],
    "prediction_file": "./results/cqt_MF_n16/rwc/model_11000_predictions.pkl",
    "mean_recall": 0.0799758518015058,
    "mean_precision": 0.07978168163631912,
    "class_recall": [
      0.0,
      0.006257822277847309,
      0.018143754361479414,
      0.0658008658008658,
      0.0273972602739726,
      0.023495906016375936,
      0.17457805907172996,
      0.1038961038961039,
      0.22425127830533237,
      0.2529262086513995,
      0.06296296296296296,
      0.0
    ],
    "mean_f1": 0.05069093670707923
  }
}