{
  "experiment": "cqt_MF_n16",
  "philharmonia": {
    "mean_recall": 0.09069625457561163,
    "mean_f1": 0.07170337826181065,
    "class_precision": [
      0.0,
      0.1649269311064718,
      0.07803468208092486,
      0.0,
      0.0,
      0.0,
      0.12252252252252252,
      0.12669683257918551,
      0.09656301145662848,
      0.0644883920894239,
      0.10922330097087378,
      0.0782472613458529
    ],
    "mean_precision": 0.07005857784599032,
    "sample_weight": [
      971,
      838,
      781,
      781,
      775,
      770,
      769,
      648,
      546,
      539,
      433,
      71
    ],
    "class_f1": [
      0.0,
      0.1259968102073365,
      0.10027855153203344,
      0.0,
      0.0,
      0.0,
      0.12352406902815623,
      0.07368421052631578,
      0.13604919292851653,
      0.09398496240601503,
      0.14481094127111827,
      0.06211180124223602
    ],
    "mean_accuracy": 0.09656652360515021,
    "class_recall": [
      0.0,
      0.10193548387096774,
      0.14025974025974025,
      0.0,
      0.0,
      0.0,
      0.12454212454212454,
      0.05194805194805195,
      0.23016905071521457,
      0.17321016166281755,
      0.21479713603818615,
      0.05149330587023687
    ],
    "prediction_file": "./results/cqt_MF_n16/philharmonia/model_10400_predictions.pkl"
  },
  "uiowa": {
    "mean_recall": 0.08027606082762631,
    "mean_f1": 0.042842248541933796,
    "class_precision": [
      0.020202020202020204,
      0.14285714285714285,
      0.0,
      0.2631578947368421,
      0.05263157894736842,
      0.07431133888532991,
      0.018691588785046728,
      0.0,
      0.034926470588235295,
      0.07635467980295567,
      0.009389671361502348,
      0.22151898734177214
    ],
    "mean_precision": 0.07617011445901797,
    "sample_weight": [
      681,
      601,
      587,
      343,
      258,
      227,
      212,
      122,
      111,
      104,
      96,
      66
    ],
    "class_f1": [
      0.01809954751131222,
      0.013966480446927372,
      0.0,
      0.0165016501650165,
      0.05679513184584178,
      0.1218487394957983,
      0.019704433497536943,
      0.0,
      0.06229508196721312,
      0.10032362459546926,
      0.012345679012345678,
      0.0922266139657444
    ],
    "mean_accuracy": 0.06778169014084508,
    "class_recall": [
      0.01639344262295082,
      0.007342143906020558,
      0.0,
      0.008517887563884156,
      0.06167400881057269,
      0.33819241982507287,
      0.020833333333333332,
      0.0,
      0.2878787878787879,
      0.14622641509433962,
      0.018018018018018018,
      0.05823627287853577
    ],
    "prediction_file": "./results/cqt_MF_n16/uiowa/model_15300_predictions.pkl"
  },
  "rwc": {
    "mean_recall": 0.0799758518015058,
    "mean_f1": 0.05069093670707923,
    "class_precision": [
      0.0,
      0.10050251256281408,
      0.1111111111111111,
      0.10155902004454342,
      0.03296703296703297,
      0.33249370277078083,
      0.07190962415815773,
      0.03210272873194221,
      0.09269323671497584,
      0.05961376994122586,
      0.022427440633245383,
      0.0
    ],
    "mean_precision": 0.07978168163631912,
    "sample_weight": [
      5618,
      3465,
      3436,
      3196,
      2738,
      1965,
      1896,
      1433,
      1405,
      1095,
      770,
      540
    ],
    "class_f1": [
      0.0,
      0.011782032400589101,
      0.03119376124775045,
      0.07985989492119089,
      0.029925187032418952,
      0.04389027431421447,
      0.10186182489613788,
      0.04904966278356836,
      0.13116855372783592,
      0.0964861192001553,
      0.033073929961089495,
      0.0
    ],
    "mean_accuracy": 0.07228653336720253,
    "class_recall": [
      0.0,
      0.006257822277847309,
      0.018143754361479414,
      0.0658008658008658,
      0.0273972602739726,
      0.023495906016375936,
      0.17457805907172996,
      0.1038961038961039,
      0.22425127830533237,
      0.2529262086513995,
      0.06296296296296296,
      0.0
    ],
    "prediction_file": "./results/cqt_MF_n16/rwc/model_11000_predictions.pkl"
  }
}