{
  "philharmonia": {
    "mean_recall": 0.09147272110152703,
    "mean_f1": 0.06109077750126632,
    "mean_accuracy": 0.07876668295317202,
    "sample_weight": [
      6032,
      5008,
      4833,
      4652,
      3573,
      2610,
      2538,
      2461,
      2175,
      2103,
      1489,
      1413
    ],
    "mean_precision": 0.057444143229704696,
    "class_f1": [
      0.0,
      0.11703008556444935,
      0.11423515532835236,
      0.0,
      0.0,
      0.0,
      0.07890625,
      0.04817342432757929,
      0.13815305371596764,
      0.06693860474845728,
      0.07915163441565541,
      0.09050112191473447
    ],
    "class_recall": [
      0.0,
      0.09114359415305245,
      0.2360828931328728,
      0.0,
      0.0,
      0.0,
      0.07959022852639874,
      0.04246284501061571,
      0.21018751749230338,
      0.12260536398467432,
      0.24311618535930155,
      0.07248402555910544
    ],
    "prediction_file": "./results/cqt_MF_n16/philharmonia/model_10400_predictions.pkl",
    "class_precision": [
      0.0,
      0.16345412490362374,
      0.07534690701595124,
      0.0,
      0.0,
      0.0,
      0.07823392718822618,
      0.055658627087198514,
      0.10289080695985751,
      0.04603654150481945,
      0.04727082789240011,
      0.12043795620437957
    ]
  },
  "rwc": {
    "mean_recall": 0.0782871625846879,
    "mean_f1": 0.05139274569214703,
    "mean_accuracy": 0.06932908169825391,
    "sample_weight": [
      6032,
      5008,
      4833,
      4652,
      3573,
      2610,
      2538,
      2461,
      2175,
      2103,
      1489,
      1413
    ],
    "mean_precision": 0.07823726193731108,
    "class_f1": [
      0.0,
      0.016204172574437917,
      0.023689877961234746,
      0.08181470625716834,
      0.04909409701928697,
      0.045488778430486515,
      0.09370973409862948,
      0.06264750053636559,
      0.11303680981595095,
      0.09481793639296766,
      0.03620933521923621,
      0.0
    ],
    "class_recall": [
      0.0,
      0.008598452278589854,
      0.013409183258837871,
      0.06641837368094351,
      0.039942938659058486,
      0.02503315649867374,
      0.15760441292356187,
      0.10332625619249823,
      0.20626924153372517,
      0.27586206896551724,
      0.042981867024848894,
      0.0
    ],
    "prediction_file": "./results/cqt_MF_n16/rwc/model_11000_predictions.pkl",
    "class_precision": [
      0.0,
      0.14035087719298245,
      0.10153846153846154,
      0.10650298606502986,
      0.06368460955269144,
      0.2487644151565074,
      0.06667777962993832,
      0.04495073891625616,
      0.07784937150100349,
      0.05724735628528266,
      0.03128054740957967,
      0.0
    ]
  },
  "experiment": "cqt_MF_n16",
  "uiowa": {
    "mean_recall": 0.08322601739987719,
    "mean_f1": 0.06813219431935967,
    "mean_accuracy": 0.09548178054362641,
    "sample_weight": [
      6032,
      5008,
      4833,
      4652,
      3573,
      2610,
      2538,
      2461,
      2175,
      2103,
      1489,
      1413
    ],
    "mean_precision": 0.08483795602782641,
    "class_f1": [
      0.1314514430166421,
      0.019489378288832588,
      0.0,
      0.026991066337198253,
      0.07878611030055442,
      0.13138557662691952,
      0.06816015252621543,
      0.0,
      0.15103693299182022,
      0.08988374110706229,
      0.05066344993968637,
      0.06973848069738481
    ],
    "class_recall": [
      0.14344827586206896,
      0.010748065348237317,
      0.0,
      0.014690668321953239,
      0.06419400855920114,
      0.24751326259946949,
      0.05634357762017336,
      0.0,
      0.2558074447243213,
      0.09923371647509578,
      0.056413700470114174,
      0.050319488817891375
    ],
    "prediction_file": "./results/cqt_MF_n16/uiowa/model_15300_predictions.pkl",
    "class_precision": [
      0.12130637636080871,
      0.10438413361169102,
      0.0,
      0.1658878504672897,
      0.10196374622356495,
      0.08942797244684036,
      0.08624849215922799,
      0.0,
      0.10715123094958968,
      0.08214398985093561,
      0.04597701149425287,
      0.11356466876971609
    ]
  }
}